time_period,geographic_level,country_name,region_name,la_name,school_type,attendance_perc,authorised_absence_perc,unauthorised_absence_perc,pa_perc
202526,Local authority,England,West Midlands,Telford and Wrekin,Primary,95.5923768987664,3.11990264043226,1.2877204608013,
202526,Local authority,England,Yorkshire and The Humber,Leeds,Primary,95.0804402503586,3.06044758357617,1.85911216606521,
202526,Local authority,England,North East,Newcastle upon Tyne,Primary,95.4564368307578,2.79995305507247,1.74361011416974,
202526,Local authority,England,North West,Blackpool,Primary,94.7995057657871,2.80556498360634,2.39492925060651,
202526,Local authority,England,South East,Buckinghamshire,Primary,95.6535803722315,3.34329552163649,1.00312410613196,
202526,Local authority,England,North West,Rochdale,Primary,95.2309431756663,2.84241439939444,1.92664242493928,
202526,Local authority,England,North East,Hartlepool,Primary,95.2234484840446,3.00172428775939,1.77482722819599,
202526,Local authority,England,South West,Dorset,Primary,95.2697237175325,3.39763191410595,1.3326443683616,
202526,Local authority,England,West Midlands,Solihull,Primary,95.6055745914722,3.22064009902931,1.17378530949848,
202526,Local authority,England,London,Lambeth,Primary,95.0863279636514,3.02563678920556,1.88803524714305,
202526,Local authority,England,East Midlands,North Northamptonshire,Primary,95.0763988643645,3.5127859946995,1.41081514093603,
202526,Local authority,England,East of England,Luton,Primary,95.8363842365291,2.95653715422027,1.2070786092506,
202526,Local authority,England,North East,North Tyneside,Primary,95.7494500325816,2.68981837601603,1.56073159140238,
202526,Local authority,England,North West,Wigan,Primary,95.3668055639005,3.12872016686155,1.50447426923791,
202526,Local authority,England,South West,Devon,Primary,95.5386176184254,3.43616120553182,1.02522117604276,
202526,Local authority,England,South West,Swindon,Primary,95.8779122180913,3.11999418860221,1.00209359330646,
202526,Local authority,England,North West,St. Helens,Primary,95.5977443745004,2.91743479870218,1.48482082679743,
202526,Local authority,England,London,Southwark,Primary,95.527558709824,3.12238692322949,1.35005436694649,
202526,Local authority,England,London,Redbridge,Primary,95.0139786974941,3.47778647094291,1.50823483156296,
202526,Local authority,England,South East,Southampton,Primary,95.2477274997503,3.21636940106623,1.53590309918349,
202526,Local authority,England,London,Kingston upon Thames,Primary,96.2141707937478,2.68657253026776,1.09925667598443,
202526,Local authority,England,North West,Blackburn with Darwen,Primary,95.4042237764158,3.04509067781293,1.5506855457713,
202526,Local authority,England,South West,"Bournemouth, Christchurch and Poole",Primary,95.802720554185,3.14518378499877,1.05209566081627,
202526,Local authority,England,East of England,Essex,Primary,95.3418566307283,3.35409227261574,1.30405109665598,
202526,Local authority,England,South East,West Berkshire,Primary,95.8757805502102,3.32634748931052,0.797871960479266,
202526,Local authority,England,West Midlands,Wolverhampton,Primary,95.054451586665,3.19458251900722,1.75096589432777,
202526,Local authority,England,East Midlands,Leicester,Primary,95.2986845211511,3.23061274193779,1.47070273691108,
202526,Local authority,England,London,Camden,Primary,95.3885455356655,3.49322946767596,1.1182249966585,
202526,Local authority,England,North East,Middlesbrough,Primary,95.2254755721126,2.72004280590701,2.05448162198043,
202526,Local authority,England,London,Brent,Primary,95.4361457902379,3.20183657410787,1.3620176356542,
202526,Local authority,England,Yorkshire and The Humber,East Riding of Yorkshire,Primary,95.8115869173365,2.89588290755623,1.29253017510726,
202526,Local authority,England,London,Harrow,Primary,95.710710307163,3.38715171221099,0.902137980626042,
202526,Local authority,England,London,Bexley,Primary,95.7282462666704,2.84564032095221,1.42611341237739,
202526,Local authority,England,London,Islington,Primary,94.8454807712387,3.20747849797584,1.94704073078541,
202526,Local authority,England,North West,Manchester,Primary,94.9898658650452,3.18085680523338,1.82927732972141,
202526,Local authority,England,North West,Lancashire,Primary,95.194536836951,3.4197470235114,1.38571613953756,
202526,Local authority,England,East Midlands,Derby,Primary,94.97312760574,3.10251287542096,1.92435951883909,
202526,Local authority,England,North West,Westmorland and Furness,Primary,96.0796244893258,2.82609593852002,1.09427957215422,
202526,Local authority,England,East of England,Central Bedfordshire,Primary,95.746271335857,3.15836501218622,1.09536365195678,
202526,Local authority,England,Yorkshire and The Humber,North Yorkshire,Primary,95.7230528447107,3.11517241754294,1.16177473774641,
202526,Local authority,England,East Midlands,Rutland,Primary,96.1325581395349,3.06821705426357,0.79922480620155,
202526,Local authority,England,North West,Liverpool,Primary,94.9804889600347,2.64299839566514,2.37651264430017,
202526,Local authority,England,North East,Northumberland,Primary,95.2817200173286,3.02542157771103,1.69285840496036,
202526,Local authority,England,West Midlands,Worcestershire,Primary,95.5610206210741,3.23067809419902,1.20830128472689,
202526,Local authority,England,London,Croydon,Primary,95.245212661914,3.17350470187379,1.58128263621225,
202526,Local authority,England,North West,Tameside,Primary,95.5294373538619,2.83588775560406,1.63467489053401,
202526,Local authority,England,South West,Cornwall,Primary,95.289470078072,3.47676917093031,1.23376075099764,
202526,Local authority,England,North West,Halton,Primary,94.9984834588692,3.29269965986149,1.70881688126927,
202526,Local authority,England,West Midlands,Sandwell,Primary,95.1652194799238,3.11104600179936,1.72373451827679,
202526,Local authority,England,North West,Sefton,Primary,95.3993611283416,3.17710942086914,1.4235294507893,
202526,Local authority,England,West Midlands,Staffordshire,Primary,95.867153759323,3.10698243141118,1.02586380926581,
202526,Local authority,England,London,Bromley,Primary,95.7136953141913,3.12430983322291,1.16199485258584,
202526,Local authority,England,London,Haringey,Primary,95.3966891615198,3.05550413340589,1.54780670507434,
202526,Local authority,England,London,Greenwich,Primary,95.3685350415859,2.78132218807854,1.85014277033561,
202526,Local authority,England,West Midlands,Shropshire,Primary,95.5898483434048,3.41769628459345,0.992455372001711,
202526,Local authority,England,North East,Stockton-on-Tees,Primary,95.459192659447,2.82498313923768,1.71582420131535,
202526,Local authority,England,East of England,Suffolk,Primary,95.5095197530127,3.25560775419494,1.23487249279232,
202526,Local authority,England,North East,Redcar and Cleveland,Primary,95.1209046179,2.7430600901972,2.13603529190277,
202526,Local authority,England,London,City of London,Primary,c,c,c,
202526,Local authority,England,North West,Cheshire West and Chester,Primary,95.645416140996,3.13049375545145,1.22409010355256,
202526,Local authority,England,West Midlands,Dudley,Primary,95.1925877527887,3.1767992044062,1.63061304280515,
202526,Local authority,England,North West,Bury,Primary,95.269363684971,3.41220529502164,1.31843102000738,
202526,Local authority,England,North West,Bolton,Primary,95.3356266072399,3.12294113896572,1.54143225379438,
202526,Local authority,England,North West,Oldham,Primary,95.398595603817,2.84202485099331,1.75937954518971,
202526,Local authority,England,North West,Trafford,Primary,96.214544956962,2.83738083912712,0.948074203910888,
202526,Local authority,England,South West,North Somerset,Primary,95.6341327596427,3.28554808973496,1.08031915062231,
202526,Local authority,England,East Midlands,Lincolnshire,Primary,95.7246610964933,3.10953721838641,1.16580168512034,
202526,Local authority,England,Yorkshire and The Humber,Calderdale,Primary,95.5193820982912,3.18408321740755,1.29653468430123,
202526,Local authority,England,South East,Oxfordshire,Primary,95.7231072675873,3.30850247117079,0.968390261241873,
202526,Local authority,England,North West,Salford,Primary,94.7909207110363,3.15353652436943,2.05554276459427,
202526,Local authority,England,West Midlands,Coventry,Primary,95.2047376020808,3.29810492656054,1.49715747135869,
202526,Local authority,England,North West,Wirral,Primary,94.8009108190255,3.59477266555428,1.60431651542017,
202526,Local authority,England,Yorkshire and The Humber,York,Primary,95.5098470080112,3.25767543104339,1.23247756094537,
202526,Local authority,England,London,Hillingdon,Primary,94.5625858362394,3.73318673312425,1.70422743063634,
202526,Local authority,England,London,Wandsworth,Primary,95.6680322837709,2.98420974879997,1.3477579674291,
202526,Local authority,England,East of England,Thurrock,Primary,95.4773189346993,2.92069252756589,1.60198853773485,
202526,Local authority,England,South West,Somerset,Primary,95.3549189384098,3.42770101286538,1.21738004872479,
202526,Local authority,England,East of England,Southend-on-Sea,Primary,95.0853348147957,3.54317714946131,1.37148803574302,
202526,Local authority,England,Yorkshire and The Humber,Rotherham,Primary,94.9269920479279,3.10084211443069,1.97216583764144,
202526,Local authority,England,Yorkshire and The Humber,Barnsley,Primary,95.1220011846072,2.88607730230197,1.9919215130908,
202526,Local authority,England,London,Barking and Dagenham,Primary,95.6267295251533,2.98872716949866,1.38454330534807,
202526,Local authority,England,North East,Sunderland,Primary,95.2756098219651,2.92766866733731,1.79672151069762,
202526,Local authority,England,London,Tower Hamlets,Primary,95.1074606389446,3.60613261985494,1.28640674120045,
202526,Local authority,England,South East,Brighton and Hove,Primary,95.3257407047799,3.57100064867188,1.1032586465482,
202526,Local authority,England,North West,Stockport,Primary,95.6313854540006,3.1784976505151,1.19011689548432,
202526,Local authority,England,West Midlands,Stoke-on-Trent,Primary,95.1976869409053,3.21455351109164,1.58775954800307,
202526,Local authority,England,East of England,Peterborough,Primary,95.648594593579,3.14668593261359,1.20471947380736,
202526,Local authority,England,North West,Warrington,Primary,96.1512195421171,2.70366424918776,1.14511620869515,
202526,Local authority,England,South West,Plymouth,Primary,95.3417321168753,3.35389550139447,1.30437238173018,
202526,Local authority,England,North East,Darlington,Primary,94.8833259224449,3.50412094569961,1.61255313185551,
202526,Local authority,England,Yorkshire and The Humber,Wakefield,Primary,95.2817233356902,3.25068079833668,1.46759586597315,
202526,Local authority,England,East Midlands,West Northamptonshire,Primary,95.8080211305384,2.99731873934739,1.1946601301142,
202526,Local authority,England,Yorkshire and The Humber,North East Lincolnshire,Primary,95.2377810477925,2.73648062874302,2.02573832346447,
202526,Local authority,England,North East,South Tyneside,Primary,95.3774284465253,3.33242320208047,1.29014835139422,
202526,Local authority,England,London,Havering,Primary,95.7498175047343,3.21727692378222,1.03290557148348,
202526,Local authority,England,East Midlands,Nottingham,Primary,94.451666882693,3.03161306496391,2.51672005234306,
202526,Local authority,England,Yorkshire and The Humber,Kirklees,Primary,95.3135091542074,3.39092848392581,1.29556236186679,
202526,Local authority,England,East Midlands,Derbyshire,Primary,95.7018064322647,3.14565351194954,1.15254005578575,
202526,Local authority,England,Yorkshire and The Humber,Doncaster,Primary,95.1982281163333,2.90032333044043,1.90144855322632,
202526,Local authority,England,East of England,Bedford,Primary,96.0097810500182,3.05095991267684,0.939259037304968,
202526,Local authority,England,London,Newham,Primary,94.2851731137605,2.82304562045535,2.89178126578418,
202526,Local authority,England,London,Richmond upon Thames,Primary,96.4261334338298,2.63521038242426,0.938656183745982,
202526,Local authority,England,North East,Gateshead,Primary,95.6283752210714,2.9280209152801,1.44360386364846,
202526,Local authority,England,South West,"Bristol, City of",Primary,95.1019990743722,3.29364890946535,1.60435201616248,
202526,Local authority,England,South West,Torbay,Primary,95.2212067742559,3.54794523224708,1.23084799349696,
202526,Local authority,England,West Midlands,Warwickshire,Primary,95.5835386842978,3.38389710170186,1.03256421400034,
202526,Local authority,England,South East,Hampshire,Primary,96.0432836902076,3.0991684262208,0.857547883571622,
202526,Local authority,England,South East,Windsor and Maidenhead,Primary,96.0579413889721,2.98570849560329,0.956350115424604,
202526,Local authority,England,South East,Isle of Wight,Primary,94.7104729511976,3.83358702173126,1.45594002707111,
202526,Local authority,England,London,Merton,Primary,96.1213930372155,2.82673250087956,1.05187446190497,
202526,Local authority,England,North West,Cumberland,Primary,95.8148391896783,3.01841950983545,1.16674130048627,
202526,Local authority,England,South West,Bath and North East Somerset,Primary,95.9113053465368,3.21301760790266,0.875677045560549,
202526,Local authority,England,South East,Reading,Primary,95.2463174582205,3.22333047096902,1.53035207081049,
202526,Local authority,England,London,Ealing,Primary,95.7428116837217,2.98015216504562,1.2770361512327,
202526,Local authority,England,London,Hammersmith and Fulham,Primary,95.8354614953702,2.94798497380301,1.21655353082677,
202526,Local authority,England,London,Lewisham,Primary,95.3904804438039,3.16412272619962,1.44539682999648,
202526,Local authority,England,South East,Bracknell Forest,Primary,96.125038587142,3.00320792286543,0.871753489992617,
202526,Local authority,England,East of England,Cambridgeshire,Primary,95.7012899347844,3.39739192466047,0.901318140555106,
202526,Local authority,England,Yorkshire and The Humber,"Kingston upon Hull, City of",Primary,95.2106089332875,2.86565320672292,1.92373785998958,
202526,Local authority,England,West Midlands,"Herefordshire, County of",Primary,95.9855946893855,3.33835010817421,0.676055202440303,
202526,Local authority,England,South East,Medway,Primary,94.7121246828652,3.61960674108657,1.66826857604819,
202526,Local authority,England,London,Sutton,Primary,95.6457251827524,3.22363434848868,1.13064046875891,
202526,Local authority,England,North West,Cheshire East,Primary,96.112358965909,2.98421343231375,0.903427601777254,
202526,Local authority,England,Yorkshire and The Humber,North Lincolnshire,Primary,95.2022240892914,2.9772468015055,1.82052910920306,
202526,Local authority,England,London,Enfield,Primary,95.5627000285176,2.95676638124799,1.48053359023441,
202526,Local authority,England,South West,South Gloucestershire,Primary,95.7432309141757,3.04270919836,1.2140598874643,
202526,Local authority,England,East Midlands,Leicestershire,Primary,95.7456596397104,3.15868373182099,1.09565662846864,
202526,Local authority,England,South East,Kent,Primary,95.1724610687998,3.33767222153413,1.48986670966606,
202526,Local authority,England,North East,County Durham,Primary,95.1600688882957,3.24475737082518,1.59517374087916,
202526,Local authority,England,Yorkshire and The Humber,Sheffield,Primary,95.1495642653267,3.0200020252011,1.83043370947225,
202526,Local authority,England,East of England,Hertfordshire,Primary,95.7964494009875,3.24065672191063,0.962893877101866,
202526,Local authority,England,South East,West Sussex,Primary,95.7538618492344,3.25395293854103,0.99218521222459,
202526,Local authority,England,South West,Wiltshire,Primary,95.8243873993661,3.19706022073479,0.978552379899108,
202526,Local authority,England,West Midlands,Walsall,Primary,95.127058422853,2.94474332884197,1.92819824830506,
202526,Local authority,England,Yorkshire and The Humber,Bradford,Primary,94.9592105412765,3.10252785421985,1.93826160450367,
202526,Local authority,England,London,Hackney,Primary,95.3515947681792,3.21527527996577,1.43312995185502,
202526,Local authority,England,London,Kensington and Chelsea,Primary,95.1627118836822,3.57266736038848,1.26462075592933,
202526,Local authority,England,London,Barnet,Primary,95.824170444291,3.22692473596325,0.948904819745794,
202526,Local authority,England,London,Hounslow,Primary,95.1912801171981,3.32608445127234,1.48263543152957,
202526,Local authority,England,South East,Wokingham,Primary,96.1920670962647,3.00602663746836,0.801906266266985,
202526,Local authority,England,London,Waltham Forest,Primary,95.4424693152379,2.91857192967554,1.6389587550866,
202526,Local authority,England,North West,Knowsley,Primary,93.9241461008414,3.1388039253777,2.93704997378087,
202526,Local authority,England,South East,East Sussex,Primary,95.0121372882364,3.54829529955928,1.43956741220433,
202526,Local authority,England,South East,Portsmouth,Primary,95.4754628488209,3.18527140227855,1.33926574890057,
202526,Local authority,England,South East,Slough,Primary,94.7049097932807,3.9960283745104,1.2990618322089,
202526,Local authority,England,South East,Milton Keynes,Primary,96.0143137953413,3.01100336256558,0.974682842093092,
202526,Local authority,England,West Midlands,Birmingham,Primary,95.0441877527478,3.25449784652258,1.7013144007296,
202526,Local authority,England,South East,Surrey,Primary,95.979898787142,3.12719863326292,0.892902579595068,
202526,Local authority,England,East of England,Norfolk,Primary,95.3946826517528,3.30107060457687,1.30424674367028,
202526,Local authority,England,East Midlands,Nottinghamshire,Primary,95.5555958712369,2.92413053424974,1.52027359451335,
202526,Local authority,England,South West,Gloucestershire,Primary,95.6266448728614,3.38365292466955,0.989702202469091,
202526,Local authority,England,London,Westminster,Primary,95.0725319370537,3.12560572502216,1.80186233792414,
202526,Regional,England,South East,,Primary,95.6061458782299,3.27169714051459,1.12215698125555,
202526,Regional,England,North East,,Primary,95.3256566226319,2.98570204619701,1.68864133117112,
202526,Regional,England,North West,,Primary,95.3414590868591,3.09650098391716,1.56203992922372,
202526,Regional,England,Yorkshire and The Humber,,Primary,95.251318261036,3.07194741550452,1.67673432345947,
202526,Regional,England,West Midlands,,Primary,95.370780717505,3.21586239570385,1.4133568867911,
202526,Regional,England,South West,,Primary,95.5266844517066,3.32410218992998,1.14921335836342,
202526,Regional,England,East of England,,Primary,95.564134186625,3.26556874556921,1.17029706780583,
202526,Regional,England,East Midlands,,Primary,95.4862796040812,3.11884225789279,1.39487813802599,
202526,Regional,England,London,,Primary,95.4235910370082,3.12957748601853,1.44683147697328,
202526,National,England,,,Primary,95.4436844322596,3.17765356080091,1.37866200693946,
202526,Local authority,England,South West,Somerset,Secondary,91.7753969150581,5.58495093919927,2.63965214574264,
202526,Local authority,England,South East,Buckinghamshire,Secondary,93.5148806723316,4.98166480064477,1.50345452702368,
202526,Local authority,England,London,Harrow,Secondary,94.062237193033,4.18171972435595,1.75604308261103,
202526,Local authority,England,North West,Rochdale,Secondary,92.5777410858199,3.98379908935399,3.43845982482614,
202526,Local authority,England,West Midlands,Worcestershire,Secondary,92.9475199161905,5.23487077255071,1.81760931125876,
202526,Local authority,England,South East,Medway,Secondary,92.9839847060999,4.69537107079214,2.32064422310792,
202526,Local authority,England,South West,Devon,Secondary,91.4884417884282,5.76818821652719,2.74336999504465,
202526,Local authority,England,Yorkshire and The Humber,Rotherham,Secondary,91.7023479766918,4.00434286537034,4.29330915793783,
202526,Local authority,England,North West,Cheshire West and Chester,Secondary,92.0593324084514,5.24803777264066,2.69262981890792,
202526,Local authority,England,East of England,Bedford,Secondary,93.2065453454181,4.6497118773906,2.14374277719132,
202526,Local authority,England,Yorkshire and The Humber,"Kingston upon Hull, City of",Secondary,92.4938248427221,3.77706117731076,3.72911397996709,
202526,Local authority,England,South East,Portsmouth,Secondary,91.8473129134376,4.90045533908045,3.25223174748192,
202526,Local authority,England,South East,Isle of Wight,Secondary,90.9709795583251,6.88248668449085,2.14653375718406,
202526,Local authority,England,East Midlands,Rutland,Secondary,93.5156654914938,4.63728164850749,1.84705285999875,
202526,Local authority,England,South East,Oxfordshire,Secondary,92.1274296475065,5.37419964727301,2.49837070522051,
202526,Local authority,England,Yorkshire and The Humber,Calderdale,Secondary,93.3128536185728,4.18456761894606,2.50257876248111,
202526,Local authority,England,East Midlands,Leicestershire,Secondary,92.3334307190161,5.43027031642534,2.23629896455859,
202526,Local authority,England,London,Croydon,Secondary,93.2099798128506,4.08260001561437,2.707420171535,
202526,Local authority,England,East Midlands,Nottinghamshire,Secondary,92.5509127000613,4.52681344696636,2.9222738529723,
202526,Local authority,England,London,Wandsworth,Secondary,94.0735688440761,3.51860769716514,2.40782345875876,
202526,Local authority,England,West Midlands,Dudley,Secondary,92.6513619752094,4.47775252112977,2.87088550366082,
202526,Local authority,England,North East,Stockton-on-Tees,Secondary,92.5651913860755,3.85651070039635,3.57829791352819,
202526,Local authority,England,North East,Newcastle upon Tyne,Secondary,91.7912442756156,3.71293791253462,4.49581781184976,
202526,Local authority,England,West Midlands,Telford and Wrekin,Secondary,93.3687603172274,4.13804009369834,2.49319958907429,
202526,Local authority,England,Yorkshire and The Humber,Sheffield,Secondary,91.6855314913623,3.95712383539557,4.35734467324213,
202526,Local authority,England,South West,"Bournemouth, Christchurch and Poole",Secondary,93.3894250295068,4.58864637580636,2.02192859468687,
202526,Local authority,England,Yorkshire and The Humber,York,Secondary,91.4572168930468,4.9296224429589,3.61316066399431,
202526,Local authority,England,South East,Milton Keynes,Secondary,93.1964425036265,4.63413356186752,2.16942393450601,
202526,Local authority,England,North West,Halton,Secondary,90.9503585655827,4.77784039522584,4.27180103919142,
202526,Local authority,England,West Midlands,Birmingham,Secondary,93.363863973933,3.96944699914586,2.66668902692111,
202526,Local authority,England,West Midlands,Shropshire,Secondary,92.5517502753454,5.45822497497812,1.9900247496765,
202526,Local authority,England,London,Barking and Dagenham,Secondary,94.5374153833568,3.34736282389513,2.11522179274802,
202526,Local authority,England,London,Newham,Secondary,93.5339303680524,3.28381847186146,3.18225116008615,
202526,Local authority,England,North West,Tameside,Secondary,92.2409118829294,3.90985612273685,3.84923199433374,
202526,Local authority,England,London,Ealing,Secondary,93.9952803426833,3.76828387082319,2.23643578649352,
202526,Local authority,England,West Midlands,Solihull,Secondary,92.6473500408726,4.89888851035235,2.45376144877509,
202526,Local authority,England,London,Islington,Secondary,92.8266957636549,3.0059415992208,4.16736263712426,
202526,Local authority,England,West Midlands,Walsall,Secondary,92.3323643483265,3.87581547934866,3.79182017232489,
202526,Local authority,England,East of England,Peterborough,Secondary,93.2375625758246,4.48846590137656,2.27397152279884,
202526,Local authority,England,London,Westminster,Secondary,94.3231278535337,3.51719436423396,2.15967778223235,
202526,Local authority,England,London,Southwark,Secondary,94.390608818355,3.30186378521608,2.30752739642896,
202526,Local authority,England,South West,Bath and North East Somerset,Secondary,92.6242113457341,5.27928840113446,2.09650025313148,
202526,Local authority,England,East of England,Thurrock,Secondary,93.4653867857555,3.73330623092466,2.80130698331988,
202526,Local authority,England,South East,Reading,Secondary,93.1534701133249,4.26690615509962,2.57962373157544,
202526,Local authority,England,London,Hillingdon,Secondary,93.075876107124,4.48713858183125,2.43698531104479,
202526,Local authority,England,London,Brent,Secondary,94.1176687722342,3.68500463717027,2.19732659059554,
202526,Local authority,England,North East,Redcar and Cleveland,Secondary,91.6306070671466,4.57943541988707,3.7899575129663,
202526,Local authority,England,East of England,Suffolk,Secondary,92.1153890203792,5.26521923455753,2.61939174506329,
202526,Local authority,England,London,Kensington and Chelsea,Secondary,93.116426973761,3.78118927205819,3.10238375418078,
202526,Local authority,England,South East,West Berkshire,Secondary,92.493516479877,5.48762839241821,2.01885512770483,
202526,Local authority,England,South West,Dorset,Secondary,92.4690957203551,5.16168672259285,2.36921755705204,
202526,Local authority,England,South West,South Gloucestershire,Secondary,92.2266716888369,5.2453264080249,2.5280019031382,
202526,Local authority,England,East of England,Southend-on-Sea,Secondary,93.1258621867104,4.64385713310114,2.23028068018849,
202526,Local authority,England,West Midlands,Wolverhampton,Secondary,93.4934012758413,3.37065533012014,3.13594339403856,
202526,Local authority,England,North West,Knowsley,Secondary,89.5440072212909,3.80754466189876,6.64844811681033,
202526,Local authority,England,North West,Warrington,Secondary,93.4268842771474,4.33501757085162,2.23809815200098,
202526,Local authority,England,South East,East Sussex,Secondary,92.200566507016,4.95948224048101,2.83995125250296,
202526,Local authority,England,London,Bexley,Secondary,94.1338218947535,4.00529298044016,1.86088512480631,
202526,Local authority,England,Yorkshire and The Humber,Wakefield,Secondary,91.7846867291707,4.53433479040696,3.68097848042234,
202526,Local authority,England,North West,Cumberland,Secondary,92.1386237372273,5.22091031752475,2.64046594524795,
202526,Local authority,England,South East,Brighton and Hove,Secondary,91.2041211480341,5.96408999649902,2.83178885546688,
202526,Local authority,England,London,Redbridge,Secondary,94.2691245576888,3.94644330585393,1.78443213645729,
202526,Local authority,England,East Midlands,West Northamptonshire,Secondary,92.9897049755137,4.4705238212432,2.53977120324309,
202526,Local authority,England,East of England,Cambridgeshire,Secondary,92.9250293414842,5.25271672591254,1.82225393260324,
202526,Local authority,England,East of England,Norfolk,Secondary,92.487168118538,5.26045696342779,2.25237491803424,
202526,Local authority,England,London,Haringey,Secondary,93.5554731781982,3.81496185396886,2.62956496783297,
202526,Local authority,England,South East,Kent,Secondary,92.9740653333828,4.63676750551317,2.38916716110408,
202526,Local authority,England,East Midlands,Lincolnshire,Secondary,93.0793458797578,4.98704610279755,1.93360801744466,
202526,Local authority,England,South West,Swindon,Secondary,92.7058789692943,4.7852770237234,2.50884400698229,
202526,Local authority,England,North West,Wirral,Secondary,91.6678494824025,5.11824853403536,3.21390198356217,
202526,Local authority,England,North West,Cheshire East,Secondary,93.3673742050517,5.13541969590864,1.49720609903964,
202526,Local authority,England,North West,Bolton,Secondary,92.9724058149002,4.27996337588785,2.74763080921195,
202526,Local authority,England,North West,Salford,Secondary,91.6704003417001,3.95597088944396,4.37362876885598,
202526,Local authority,England,South West,North Somerset,Secondary,92.3439528589164,5.32787030757924,2.32817683350435,
202526,Local authority,England,East of England,Luton,Secondary,93.9606262801017,3.79199706781346,2.24737665208486,
202526,Local authority,England,West Midlands,Stoke-on-Trent,Secondary,92.1132772948426,4.33401648347893,3.55270622167848,
202526,Local authority,England,North East,Gateshead,Secondary,92.0797482722297,4.34195018250808,3.57830154526228,
202526,Local authority,England,North West,Trafford,Secondary,94.4871680916746,4.33980711968357,1.17302478864187,
202526,Local authority,England,Yorkshire and The Humber,North Yorkshire,Secondary,92.5722790312909,5.20154203883903,2.2261789298701,
202526,Local authority,England,North West,St. Helens,Secondary,92.0471462071938,4.6940677591136,3.25878603369258,
202526,Local authority,England,Yorkshire and The Humber,Barnsley,Secondary,91.1697837721327,4.78034398460204,4.04987224326529,
202526,Local authority,England,East Midlands,Derbyshire,Secondary,92.9080411614831,4.62748426236759,2.46447457614928,
202526,Local authority,England,Yorkshire and The Humber,East Riding of Yorkshire,Secondary,93.0532606007805,4.43281546052578,2.51392393869373,
202526,Local authority,England,South East,West Sussex,Secondary,92.9582350713374,4.90718020693101,2.13458472173158,
202526,Local authority,England,Yorkshire and The Humber,Doncaster,Secondary,92.5834448795848,3.84061676302185,3.57593835739335,
202526,Local authority,England,South West,"Bristol, City of",Secondary,91.0404249583458,5.77444529120883,3.18512975044535,
202526,Local authority,England,North West,Lancashire,Secondary,92.5992265733022,5.12533713388838,2.2754362928094,
202526,Local authority,England,London,Sutton,Secondary,94.8349503466718,3.70111642397508,1.46393322935315,
202526,Local authority,England,East Midlands,Derby,Secondary,92.6393649497932,4.74555094187175,2.61508410833503,
202526,Local authority,England,London,Enfield,Secondary,94.0843689695099,3.47433423388653,2.44129679660363,
202526,Local authority,England,London,Kingston upon Thames,Secondary,95.0926937344629,3.31299566311672,1.59431060242044,
202526,Local authority,England,North East,Northumberland,Secondary,92.2322672274875,5.0160169494832,2.75171582302929,
202526,Local authority,England,London,Hammersmith and Fulham,Secondary,94.5708486269891,3.48116908385306,1.94798228915789,
202526,Local authority,England,West Midlands,Warwickshire,Secondary,92.2515808151504,5.30306831161751,2.44535087323209,
202526,Local authority,England,South East,Windsor and Maidenhead,Secondary,93.3734257713996,4.72625147957271,1.90032274902771,
202526,Local authority,England,London,Hackney,Secondary,93.4523940782672,3.59854356401353,2.94906235771925,
202526,Local authority,England,East of England,Central Bedfordshire,Secondary,93.5001925243811,4.77779566320217,1.72201181241672,
202526,Local authority,England,London,Lewisham,Secondary,94.2314548991982,3.05162784328192,2.71691725751988,
202526,Local authority,England,South West,Gloucestershire,Secondary,92.9533548938795,5.33139598461014,1.71524912151039,
202526,Local authority,England,London,Bromley,Secondary,93.8682075887082,4.0799633229082,2.05182908838362,
202526,Local authority,England,South East,Southampton,Secondary,91.1543595016957,5.01687943684512,3.82876106145923,
202526,Local authority,England,North West,Wigan,Secondary,92.6823250324771,4.65477673302794,2.66289823449498,
202526,Local authority,England,North West,Blackpool,Secondary,93.0640638041759,2.82951865782929,4.10641753799477,
202526,Local authority,England,London,Tower Hamlets,Secondary,94.7674850729629,3.42295839172553,1.80955653531161,
202526,Local authority,England,West Midlands,Coventry,Secondary,92.5905235315578,4.34510268901431,3.06437377942786,
202526,Local authority,England,London,Hounslow,Secondary,93.9558051110374,3.85239751230141,2.19179737666123,
202526,Local authority,England,London,Havering,Secondary,94.0064596495388,4.08644736765395,1.9070929828073,
202526,Local authority,England,East Midlands,Leicester,Secondary,93.3462514451077,4.07269528040543,2.58105327448685,
202526,Local authority,England,South West,Isles of Scilly,Secondary,c,c,c,
202526,Local authority,England,North West,Stockport,Secondary,92.6511453005947,4.79180165143009,2.55705304797516,
202526,Local authority,England,North East,Sunderland,Secondary,91.5898620996307,3.91781432401394,4.49232357635539,
202526,Local authority,England,North East,South Tyneside,Secondary,91.342223662316,6.13260563594204,2.52517070174195,
202526,Local authority,England,South East,Bracknell Forest,Secondary,93.4781066627784,4.78792368957214,1.73396964764949,
202526,Local authority,England,North West,Westmorland and Furness,Secondary,92.7198041162569,5.39189174795945,1.88830413578369,
202526,Local authority,England,London,Waltham Forest,Secondary,93.393572346407,3.60102036421835,3.00540728937461,
202526,Local authority,England,West Midlands,"Herefordshire, County of",Secondary,92.9715277670144,5.45699716362622,1.57147506935941,
202526,Local authority,England,Yorkshire and The Humber,Kirklees,Secondary,93.3093791171877,4.26038949141007,2.43023139140222,
202526,Local authority,England,South East,Hampshire,Secondary,92.7944552070436,5.2893933103445,1.91615148261191,
202526,Local authority,England,North East,Hartlepool,Secondary,91.4993136140647,3.9064940246364,4.59419236129886,
202526,Local authority,England,North West,Blackburn with Darwen,Secondary,92.0652501990584,4.90154971954269,3.03320008139886,
202526,Local authority,England,Yorkshire and The Humber,North Lincolnshire,Secondary,92.2549769165172,4.38042167788985,3.36460140559297,
202526,Local authority,England,London,Greenwich,Secondary,93.1332520948229,3.85180704146546,3.01494086371161,
202526,Local authority,England,Yorkshire and The Humber,North East Lincolnshire,Secondary,90.6729921410772,4.93425340233851,4.39275445658424,
202526,Local authority,England,South West,Plymouth,Secondary,91.5523913581185,5.4747951613877,2.97281348049383,
202526,Local authority,England,North East,Darlington,Secondary,92.5669538346287,4.46671036613915,2.96633579923214,
202526,Local authority,England,London,Camden,Secondary,91.7730782712142,5.40282749317557,2.82409423561027,
202526,Local authority,England,Yorkshire and The Humber,Leeds,Secondary,92.5077180781764,3.71817862217902,3.7741032996446,
202526,Local authority,England,North West,Sefton,Secondary,91.0267740612298,5.02097550061528,3.9522504381549,
202526,Local authority,England,South East,Slough,Secondary,93.3853657407675,4.55123495004079,2.06339930919168,
202526,Local authority,England,East of England,Essex,Secondary,92.716476541175,4.42639704952438,2.8571264093006,
202526,Local authority,England,North East,Middlesbrough,Secondary,91.5578293633265,3.71293982687122,4.72923080980228,
202526,Local authority,England,North East,North Tyneside,Secondary,93.1504988524053,4.24258747482318,2.60691367277156,
202526,Local authority,England,South West,Wiltshire,Secondary,92.2919902214982,5.22484160129838,2.48316817720337,
202526,Local authority,England,East Midlands,North Northamptonshire,Secondary,92.2483974336461,4.8988729002974,2.8527296660565,
202526,Local authority,England,North West,Liverpool,Secondary,91.6555152600002,3.91747561769763,4.42700912230213,
202526,Local authority,England,North East,County Durham,Secondary,92.8634489658337,4.39478590899027,2.74176512517606,
202526,Local authority,England,East of England,Hertfordshire,Secondary,93.5464217244176,4.7536255908765,1.69995268470593,
202526,Local authority,England,London,Lambeth,Secondary,93.7593795254978,3.68163623604734,2.55898423845481,
202526,Local authority,England,North West,Bury,Secondary,92.1785876500765,4.85069873788419,2.97071361203932,
202526,Local authority,England,North West,Manchester,Secondary,93.5770489495411,3.21717800375829,3.20577304670063,
202526,Local authority,England,South West,Torbay,Secondary,92.4748139069086,5.26535081163493,2.25983528145646,
202526,Local authority,England,Yorkshire and The Humber,Bradford,Secondary,91.1193536193536,4.46555134055134,4.41509504009504,
202526,Local authority,England,West Midlands,Staffordshire,Secondary,93.3415017243775,4.77928235785229,1.87921591777021,
202526,Local authority,England,East Midlands,Nottingham,Secondary,92.1610687583625,3.80858603186824,4.03034520976931,
202526,Local authority,England,London,Barnet,Secondary,94.7869641173534,3.43983972048139,1.77319616216516,
202526,Local authority,England,South West,Cornwall,Secondary,91.9886571115574,5.38256572941391,2.62877715902867,
202526,Local authority,England,North West,Oldham,Secondary,93.3381516645565,3.4409792331609,3.22086910228256,
202526,Local authority,England,South East,Surrey,Secondary,94.0290944538553,4.33651498403768,1.63439056210707,
202526,Local authority,England,South East,Wokingham,Secondary,94.1108958154887,4.43416132199636,1.45494286251489,
202526,Local authority,England,London,Merton,Secondary,94.6216360542524,3.49148078002847,1.88688316571913,
202526,Local authority,England,London,Richmond upon Thames,Secondary,94.6733415185238,3.33596787865807,1.99069060281816,
202526,Local authority,England,West Midlands,Sandwell,Secondary,93.022922761538,3.93033992027627,3.04673731818574,
202526,Regional,England,London,,Secondary,93.9809216267861,3.70979692430798,2.30928144890588,
202526,Regional,England,South East,,Secondary,92.9189462098311,4.89984409559697,2.18120969457196,
202526,Regional,England,Yorkshire and The Humber,,Secondary,92.1898294637875,4.28774851554443,3.52242202066808,
202526,Regional,England,South West,,Secondary,92.1869835535736,5.34824480062911,2.46477164579729,
202526,Regional,England,North West,,Secondary,92.5301523094799,4.51705986177396,2.95278782874613,
202526,Regional,England,West Midlands,,Secondary,92.9373986726013,4.49442614153746,2.56817518586126,
202526,Regional,England,East of England,,Secondary,92.985783314236,4.76011662648544,2.25410005927856,
202526,Regional,England,East Midlands,,Secondary,92.7291710675825,4.6931480191995,2.57768091321796,
202526,Regional,England,North East,,Secondary,92.1884619331008,4.34965429604256,3.46188377085668,
202526,National,England,,,Secondary,92.829211475749,4.55069302758882,2.62009549666219,
202526,Local authority,England,South East,East Sussex,Special,86.4762560220234,8.94157278950991,4.58217118846669,
202526,Local authority,England,South West,"Bristol, City of",Special,85.6624797661024,9.18273875999147,5.15478147390612,
202526,Local authority,England,North East,County Durham,Special,88.0193852824895,7.83318454278791,4.14743017472261,
202526,Local authority,England,South West,Somerset,Special,83.5693676046272,13.1892421314556,3.2413902639172,
202526,Local authority,England,West Midlands,Stoke-on-Trent,Special,86.4887950179373,8.91894830022829,4.59225668183442,
202526,Local authority,England,North West,Blackburn with Darwen,Special,86.5568024803694,9.25083409159842,4.19236342803222,
202526,Local authority,England,South West,Plymouth,Special,87.5198806181154,8.91829802273754,3.56182135914705,
202526,Local authority,England,West Midlands,Solihull,Special,85.8755841809685,9.68267682519734,4.44173899383419,
202526,Local authority,England,North East,Middlesbrough,Special,89.0098635139047,7.57019125865562,3.41994522743972,
202526,Local authority,England,North West,Salford,Special,86.0501942037646,8.96474454735584,4.98506124887959,
202526,Local authority,England,London,Hillingdon,Special,89.0810857914688,7.1296820763075,3.78923213222372,
202526,Local authority,England,East Midlands,West Northamptonshire,Special,88.4056087452526,8.88243873557741,2.71195251916995,
202526,Local authority,England,West Midlands,Wolverhampton,Special,89.9297009190232,7.02813733996777,3.04216174100898,
202526,Local authority,England,South East,Buckinghamshire,Special,88.1480798487852,9.13097598082154,2.72094417039325,
202526,Local authority,England,London,Barnet,Special,87.5178809253687,10.3388743649189,2.14324470971243,
202526,Local authority,England,London,Hammersmith and Fulham,Special,88.3981247366203,8.48609355246523,3.11578171091445,
202526,Local authority,England,Yorkshire and The Humber,Bradford,Special,86.800394018089,9.07584848213486,4.12375749977613,
202526,Local authority,England,South West,North Somerset,Special,88.5578897488548,8.84536408150371,2.59674616964145,
202526,Local authority,England,South East,Kent,Special,86.4200966530514,10.1369002199381,3.44300312701049,
202526,Local authority,England,West Midlands,Worcestershire,Special,88.2692454705298,9.31312590780521,2.41762862166501,
202526,Local authority,England,South West,Dorset,Special,89.2072814825624,8.7461695607763,2.04654895666132,
202526,Local authority,England,North West,Trafford,Special,90.917471171896,6.48464735854116,2.59788146956289,
202526,Local authority,England,North West,Cheshire West and Chester,Special,89.4278182240374,8.08211880728306,2.49006296867957,
202526,Local authority,England,East of England,Bedford,Special,91.8260571232524,6.48426108585642,1.68968179089116,
202526,Local authority,England,London,Kensington and Chelsea,Special,92.1547304645021,4.57511263010719,3.27015690539071,
202526,Local authority,England,West Midlands,Walsall,Special,90.1600856920661,6.94047042596587,2.89944388196798,
202526,Local authority,England,London,Greenwich,Special,86.4243783002448,12.0387032065843,1.53691849317089,
202526,Local authority,England,North West,St. Helens,Special,88.7164543236649,5.76375711574953,5.51978856058552,
202526,Local authority,England,London,Bromley,Special,87.9330580308629,8.63290589002391,3.43403607911324,
202526,Local authority,England,East of England,Essex,Special,89.4458004495997,8.22075082273239,2.33344872766791,
202526,Local authority,England,North West,Stockport,Special,88.0224434277235,9.1273030790157,2.85025349326079,
202526,Local authority,England,East of England,Central Bedfordshire,Special,87.784327061135,9.26660621174337,2.94906672712159,
202526,Local authority,England,West Midlands,Telford and Wrekin,Special,90.5152447127615,7.25215476326081,2.23260052397767,
202526,Local authority,England,East of England,Southend-on-Sea,Special,89.8388244864755,7.34187512711003,2.81930038641448,
202526,Local authority,England,London,Brent,Special,91.2779146467456,6.57831995549551,2.14376539775888,
202526,Local authority,England,North East,Stockton-on-Tees,Special,88.3802564653628,6.22776225613105,5.3919812785061,
202526,Local authority,England,North West,Tameside,Special,89.8016997167139,7.98091191150681,2.21738837177931,
202526,Local authority,England,East Midlands,Leicestershire,Special,90.3967931804343,7.20519585954942,2.39801096001624,
202526,Local authority,England,North West,Manchester,Special,85.0084118215899,10.2306296281577,4.76095855025235,
202526,Local authority,England,London,Havering,Special,87.0499142693846,10.6639359878072,2.28614974280815,
202526,Local authority,England,London,Waltham Forest,Special,85.3617700847436,9.39391597764212,5.2443139376143,
202526,Local authority,England,South East,Portsmouth,Special,78.7481333549234,15.190442777208,6.06142386786852,
202526,Local authority,England,London,Westminster,Special,89.5644483749724,7.68848109661729,2.74707052841035,
202526,Local authority,England,South West,South Gloucestershire,Special,88.492691769349,9.57068447259127,1.9366237580597,
202526,Local authority,England,South West,Wiltshire,Special,89.6433085240837,8.57323409633478,1.78345737958152,
202526,Local authority,England,South East,Milton Keynes,Special,86.6550895004007,10.6448704247929,2.70004007480631,
202526,Local authority,England,Yorkshire and The Humber,North Lincolnshire,Special,91.8750526227162,6.88726109286857,1.23768628441526,
202526,Local authority,England,South East,Brighton and Hove,Special,89.2808120790372,9.63386216362882,1.08532575733393,
202526,Local authority,England,North West,Warrington,Special,88.1665953877027,9.00417804388591,2.82922656841136,
202526,Local authority,England,West Midlands,Birmingham,Special,85.9387338886333,9.98956237510901,4.0717037362577,
202526,Local authority,England,Yorkshire and The Humber,East Riding of Yorkshire,Special,90.94181417803,7.27111035826205,1.78707546370797,
202526,Local authority,England,North East,Sunderland,Special,87.102786463548,5.48512807874186,7.41208545771014,
202526,Local authority,England,West Midlands,Warwickshire,Special,87.9719214660197,9.43208333740127,2.59599519657903,
202526,Local authority,England,London,Croydon,Special,88.7694602761733,8.15387165461755,3.07666806920909,
202526,Local authority,England,North East,Newcastle upon Tyne,Special,82.8961589017088,7.3667299547247,9.73711114356652,
202526,Local authority,England,North East,Hartlepool,Special,87.3750991276764,9.37351308485329,3.25138778747026,
202526,Local authority,England,East of England,Thurrock,Special,91.3317191283293,7.22294654498044,1.44533432669026,
202526,Local authority,England,North West,Liverpool,Special,87.6215538481725,7.97845198349638,4.39999416833112,
202526,Local authority,England,North East,North Tyneside,Special,88.9899216899753,7.30720694245164,3.70287136757308,
202526,Local authority,England,East of England,Luton,Special,88.0125368096575,9.84346208820541,2.14400110213711,
202526,Local authority,England,West Midlands,Coventry,Special,89.063678749428,8.22790289268974,2.70841835788224,
202526,Local authority,England,Yorkshire and The Humber,Calderdale,Special,90.8165927471954,7.90213641765951,1.28127083514508,
202526,Local authority,England,North West,Wigan,Special,88.6568221710495,7.10639462793282,4.23678320101773,
202526,Local authority,England,London,Hounslow,Special,90.2007104795737,7.11722912966252,2.68206039076377,
202526,Local authority,England,South West,Torbay,Special,85.3311614648477,11.5244771517496,3.14436138340266,
202526,Local authority,England,London,Sutton,Special,87.2614635765253,8.33010675369213,4.40842966978262,
202526,Local authority,England,West Midlands,Sandwell,Special,87.1078277271298,8.42659541024835,4.46557686262182,
202526,Local authority,England,West Midlands,"Herefordshire, County of",Special,90.552016985138,7.47999346725461,1.96798954760738,
202526,Local authority,England,London,Redbridge,Special,87.3941832201827,7.64185734640852,4.96395943340877,
202526,Local authority,England,North West,Westmorland and Furness,Special,89.3983804461225,8.22196830443638,2.37965124944111,
202526,Local authority,England,West Midlands,Staffordshire,Special,91.1311254964506,6.36342788045574,2.50544662309368,
202526,Local authority,England,London,Harrow,Special,88.852967373734,10.2266354369412,0.920397189324712,
202526,Local authority,England,South East,Windsor and Maidenhead,Special,89.038953226049,8.64490900887352,2.31613776507746,
202526,Local authority,England,London,Tower Hamlets,Special,87.3792380605177,9.47183740430186,3.14892453518046,
202526,Local authority,England,Yorkshire and The Humber,Rotherham,Special,87.620447284345,8.04472843450479,4.33482428115016,
202526,Local authority,England,South East,West Sussex,Special,88.9300521037593,9.46341531738473,1.60653257885596,
202526,Local authority,England,Yorkshire and The Humber,North Yorkshire,Special,85.6740236883413,9.2113399609951,5.11463635066356,
202526,Local authority,England,London,Enfield,Special,87.6455620416105,9.14683430624158,3.20760365214788,
202526,Local authority,England,London,Bexley,Special,87.3835900207151,8.06989102044492,4.54651895883995,
202526,Local authority,England,London,Camden,Special,85.6840365645819,10.3083199917368,4.00764344368125,
202526,Local authority,England,South West,Swindon,Special,89.353487525041,7.16809324348935,3.47841923146968,
202526,Local authority,England,North West,Oldham,Special,85.9183743836703,9.64749962646684,4.43412598986288,
202526,Local authority,England,South East,West Berkshire,Special,90.6992084432718,7.58941659337438,1.71137496335386,
202526,Local authority,England,East of England,Hertfordshire,Special,87.7151654366844,9.54547676066663,2.73935780264894,
202526,Local authority,England,East Midlands,North Northamptonshire,Special,88.4285295124456,8.78404811971246,2.78742236784195,
202526,Local authority,England,West Midlands,Dudley,Special,90.3914647331934,7.26483495516123,2.34370031164536,
202526,Local authority,England,North West,Bury,Special,86.4421872825936,10.6581327396688,2.89967997773758,
202526,Local authority,England,Yorkshire and The Humber,"Kingston upon Hull, City of",Special,90.4827941438675,6.63074271450364,2.88646314162886,
202526,Local authority,England,North West,Bolton,Special,88.8167127791812,8.40718018632129,2.77610703449751,
202526,Local authority,England,North West,Lancashire,Special,89.2555344493955,8.38200571641606,2.36245983418843,
202526,Local authority,England,South West,Bath and North East Somerset,Special,87.5040371120702,9.95038022255498,2.54558266537479,
202526,Local authority,England,North West,Knowsley,Special,86.3957361758827,7.6571174772374,5.94714634687986,
202526,Local authority,England,North East,Northumberland,Special,84.9274748757648,11.5304363603375,3.54208876389771,
202526,Local authority,England,Yorkshire and The Humber,Sheffield,Special,83.2727145248508,11.5459110787811,5.18137439636813,
202526,Local authority,England,Yorkshire and The Humber,Kirklees,Special,89.3113723196169,8.37614024824964,2.31248743213352,
202526,Local authority,England,South East,Hampshire,Special,88.1487813045241,9.33848539856541,2.51273329691052,
202526,Local authority,England,London,Ealing,Special,89.9929826851837,7.62602607830018,2.38099123651615,
202526,Local authority,England,South East,Medway,Special,87.7706169981167,8.18805397653645,4.04132902534686,
202526,Local authority,England,Yorkshire and The Humber,York,Special,90.3017543859649,7.92046783625731,1.77777777777778,
202526,Local authority,England,London,Merton,Special,87.2833371851167,8.6838456205223,4.03281719436099,
202526,Local authority,England,Yorkshire and The Humber,Doncaster,Special,89.6741795641342,6.67922085564644,3.64659958021931,
202526,Local authority,England,East Midlands,Lincolnshire,Special,86.4281354322876,10.6540267217278,2.91783784598458,
202526,Local authority,England,East Midlands,Leicester,Special,82.4355739517478,12.8781220763757,4.68630397187651,
202526,Local authority,England,Yorkshire and The Humber,Barnsley,Special,80.461274229165,5.20978163081704,14.328944140018,
202526,Local authority,England,South East,Bracknell Forest,Special,c,c,c,
202526,Local authority,England,North West,Blackpool,Special,91.2778156221617,5.3133514986376,3.40883287920073,
202526,Local authority,England,North West,Wirral,Special,88.1415502300019,8.02250055992971,3.8359492100684,
202526,Local authority,England,East of England,Peterborough,Special,89.421126540802,7.78815504981834,2.79071840937967,
202526,Local authority,England,London,Kingston upon Thames,Special,88.9776406160177,8.93770233880972,2.08465704517261,
202526,Local authority,England,North West,Rochdale,Special,85.63009103977,8.55055103018687,5.81935793004312,
202526,Local authority,England,North East,Gateshead,Special,89.8628303780529,7.74692390617449,2.39024571577265,
202526,Local authority,England,East Midlands,Derbyshire,Special,90.4078212963967,6.95454052294673,2.63763818065652,
202526,Local authority,England,East of England,Norfolk,Special,89.8021820462845,7.9067440314836,2.29107392223193,
202526,Local authority,England,East Midlands,Nottingham,Special,87.964087668339,8.14628993926591,3.88962239239504,
202526,Local authority,England,London,Haringey,Special,89.5562537218423,7.8851721801269,2.55857409803076,
202526,Local authority,England,South East,Slough,Special,89.8951462878404,8.37561305597835,1.7292406561813,
202526,Local authority,England,London,Lambeth,Special,90.0543083815101,7.34289361063143,2.60279800785845,
202526,Local authority,England,London,Wandsworth,Special,85.0827556938747,9.5864573018343,5.33078700429104,
202526,Local authority,England,North West,Cheshire East,Special,88.5100579611319,9.63063984543698,1.85930219343107,
202526,Local authority,England,London,Southwark,Special,87.2343547479885,8.54466753075249,4.22097772125896,
202526,Local authority,England,North East,Darlington,Special,90.8036338225018,5.01397624039133,4.18238993710692,
202526,Local authority,England,London,Lewisham,Special,90.1485094850948,7.2520325203252,2.59945799457995,
202526,Local authority,England,South West,Cornwall,Special,88.889853813866,10.0303951367781,1.07975104935591,
202526,Local authority,England,West Midlands,Shropshire,Special,85.8967445292765,11.0209178894786,3.08233758124486,
202526,Local authority,England,London,Newham,Special,81.5978456014363,13.1620287253142,5.24012567324955,
202526,Local authority,England,South East,Oxfordshire,Special,89.2325448546813,8.04411438963825,2.72334075568043,
202526,Local authority,England,East of England,Cambridgeshire,Special,87.5446091551712,9.78313087639833,2.67225996843044,
202526,Local authority,England,South East,Isle of Wight,Special,87.1862615587847,9.01926843711566,3.79447000409967,
202526,Local authority,England,North West,Halton,Special,87.6978128759602,8.2333343616004,4.06885276243946,
202526,Local authority,England,South East,Reading,Special,85.148008187687,10.148008187687,4.70398362462604,
202526,Local authority,England,East Midlands,Derby,Special,86.9423521391397,10.1794117158012,2.87823614505911,
202526,Local authority,England,London,Barking and Dagenham,Special,84.9327881557497,10.4652716534381,4.60194019081215,
202526,Local authority,England,South West,Devon,Special,88.682927660735,8.31202699938638,3.00504533987864,
202526,Local authority,England,South East,Southampton,Special,89.4409357599312,7.50775440038865,3.05130983968011,
202526,Local authority,England,Yorkshire and The Humber,Leeds,Special,86.6985645933014,7.53658879819871,5.76484660849986,
202526,Local authority,England,South West,"Bournemouth, Christchurch and Poole",Special,89.4490494992548,8.12305519964438,2.42789530110086,
202526,Local authority,England,North West,Cumberland,Special,91.2859586378479,7.05955527911678,1.6544860830353,
202526,Local authority,England,Yorkshire and The Humber,North East Lincolnshire,Special,93.360768175583,5.73388203017833,0.905349794238683,
202526,Local authority,England,London,Richmond upon Thames,Special,91.4381420276909,6.49843680214381,2.06342117016525,
202526,Local authority,England,London,Islington,Special,87.2183162069587,7.54161408569197,5.24006970734932,
202526,Local authority,England,Yorkshire and The Humber,Wakefield,Special,84.688771938921,11.9824747880642,3.3287532730148,
202526,Local authority,England,South West,Gloucestershire,Special,88.2245093949771,9.95954873068379,1.81594187433915,
202526,Local authority,England,North West,Sefton,Special,88.5960098426242,8.02634141160226,3.37764874577351,
202526,Local authority,England,South East,Surrey,Special,88.6456246353674,8.36133560668075,2.99303975795182,
202526,Local authority,England,North East,Redcar and Cleveland,Special,87.3396825396825,9.51746031746032,3.14285714285714,
202526,Local authority,England,London,Hackney,Special,89.9812608753848,8.07120867353768,1.9475304510775,
202526,Local authority,England,South East,Wokingham,Special,91.1820461077478,5.17947777166269,3.63847612058949,
202526,Local authority,England,East of England,Suffolk,Special,88.0995147801068,8.73802189585247,3.16246332404074,
202526,Local authority,England,East Midlands,Nottinghamshire,Special,89.6604551037388,7.67574849113168,2.66379640512949,
202526,Local authority,England,North East,South Tyneside,Special,90.6452922077922,6.76632395382395,2.58838383838384,
202526,Regional,England,West Midlands,,Special,88.3015628425269,8.49682615117025,3.20161100630289,
202526,Regional,England,South West,,Special,87.8693832864791,9.3570527272896,2.77356398623134,
202526,Regional,England,North East,,Special,87.5141174842531,7.86665654820628,4.61922596754057,
202526,Regional,England,North West,,Special,88.0153713903816,8.40861264940957,3.57601596020879,
202526,Regional,England,London,,Special,88.2132635842575,8.47657357664935,3.31016283909316,
202526,Regional,England,South East,,Special,87.6630150807552,9.28367465109106,3.05331026815376,
202526,Regional,England,Yorkshire and The Humber,,Special,87.2960566671011,8.54263245181587,4.16131088108303,
202526,Regional,England,East Midlands,,Special,87.9417630353129,9.08324700675814,2.97498995792901,
202526,Regional,England,East of England,,Special,88.7719106861234,8.67484019857977,2.55324911529683,
202526,National,England,,,Special,87.9867537284765,8.70796528789119,3.30528098363227,
202526,Local authority,England,North East,Hartlepool,Total,93.3513541922984,3.5574274527042,3.09121835499738,
202526,Local authority,England,North East,Middlesbrough,Total,93.49119105179,3.28805998159335,3.22074896661664,
202526,Local authority,England,North East,Redcar and Cleveland,Total,93.2572966918054,3.79500733518673,2.94769597300787,
202526,Local authority,England,North East,Stockton-on-Tees,Total,93.981531189938,3.37238200654228,2.64608680351972,
202526,Local authority,England,North East,Darlington,Total,93.6942321190747,3.9925529959465,2.31321488497883,
202526,Local authority,England,North East,County Durham,Total,93.9366643174566,3.8865233648519,2.17681231769151,
202526,Local authority,England,North East,Northumberland,Total,93.3042445827244,4.38567211402876,2.31008330324682,
202526,Local authority,England,North East,Newcastle upon Tyne,Total,93.4148444261837,3.34995605069157,3.23519952312475,
202526,Local authority,England,North East,North Tyneside,Total,94.2389824437759,3.61163718255615,2.14938037366792,
202526,Local authority,England,North East,South Tyneside,Total,93.3876198323208,4.71831993384024,1.89406023383894,
202526,Local authority,England,North East,Sunderland,Total,93.4081885745385,3.43981692138861,3.15199450407287,
202526,Local authority,England,North East,Gateshead,Total,93.8426896973399,3.72255228202333,2.43475802063678,
202526,Local authority,England,North West,Halton,Total,92.8881843376816,4.13341410682415,2.97840155549429,
202526,Local authority,England,North West,Warrington,Total,94.7290200202422,3.57929472480939,1.6916852549484,
202526,Local authority,England,North West,Blackburn with Darwen,Total,93.7494498992704,3.98847477849277,2.26207532223678,
202526,Local authority,England,North West,Blackpool,Total,93.9509541741709,2.89608688533537,3.15295894049373,
202526,Local authority,England,North West,Cheshire East,Total,94.7779198101571,4.03941953312654,1.18266065671638,
202526,Local authority,England,North West,Cheshire West and Chester,Total,93.8805923073036,4.20439017723027,1.91501751546614,
202526,Local authority,England,North West,Cumberland,Total,94.0262057783152,4.10936134172136,1.8644328799634,
202526,Local authority,England,North West,Westmorland and Furness,Total,94.2924681110145,4.19444663151461,1.51308525747091,
202526,Local authority,England,North West,Bolton,Total,94.0982014015298,3.77799994341064,2.12379865505956,
202526,Local authority,England,North West,Bury,Total,93.6746844877827,4.2205128535933,2.10480265862402,
202526,Local authority,England,North West,Manchester,Total,94.0835825741489,3.40284180054704,2.51357562530402,
202526,Local authority,England,North West,Oldham,Total,94.170952271214,3.33113642147079,2.49791130731519,
202526,Local authority,England,North West,Rochdale,Total,93.9043439045845,3.44191527398018,2.65374082143534,
202526,Local authority,England,North West,Salford,Total,93.2607546884459,3.65375055539174,3.08549475616233,
202526,Local authority,England,North West,Stockport,Total,94.174776259678,4.0132907146398,1.81193302568225,
202526,Local authority,England,North West,Tameside,Total,93.8938482109236,3.45761076174134,2.64854102733502,
202526,Local authority,England,North West,Trafford,Total,95.2634988532913,3.64126816707278,1.09523297963595,
202526,Local authority,England,North West,Wigan,Total,93.9881158519642,3.91593765270966,2.09594649532614,
202526,Local authority,England,North West,Knowsley,Total,92.2206533832305,3.52163446950541,4.25771214726408,
202526,Local authority,England,North West,Liverpool,Total,93.2924477385967,3.37151447942907,3.3360377819742,
202526,Local authority,England,North West,St. Helens,Total,93.8724003452313,3.7694593384947,2.35814031627396,
202526,Local authority,England,North West,Sefton,Total,93.2260834373642,4.14146194184694,2.63245462078889,
202526,Local authority,England,North West,Wirral,Total,93.0857751333038,4.47890538236139,2.43531948433483,
202526,Local authority,England,North West,Lancashire,Total,93.9066705136013,4.28900905388916,1.80432043250957,
202526,Local authority,England,Yorkshire and The Humber,"Kingston upon Hull, City of",Total,93.9109984408272,3.34643777075761,2.7425637884152,
202526,Local authority,England,Yorkshire and The Humber,East Riding of Yorkshire,Total,94.4735351223044,3.65651448313741,1.86995039455819,
202526,Local authority,England,Yorkshire and The Humber,North East Lincolnshire,Total,93.2106059054847,3.74450965813443,3.04488443638085,
202526,Local authority,England,Yorkshire and The Humber,North Lincolnshire,Total,93.7511447691623,3.70657973269335,2.54227549814434,
202526,Local authority,England,Yorkshire and The Humber,York,Total,93.533576400209,4.11125648300928,2.35516711678172,
202526,Local authority,England,Yorkshire and The Humber,North Yorkshire,Total,94.0704029495655,4.19940765651145,1.73018939392307,
202526,Local authority,England,Yorkshire and The Humber,Barnsley,Total,93.2620769302901,3.74958519600369,2.98833787370621,
202526,Local authority,England,Yorkshire and The Humber,Doncaster,Total,93.9438869796275,3.38524647255925,2.67086654781329,
202526,Local authority,England,Yorkshire and The Humber,Rotherham,Total,93.2135083003463,3.66872981075365,3.11776188890008,
202526,Local authority,England,Yorkshire and The Humber,Sheffield,Total,93.3319665234332,3.63971200710122,3.02832146946563,
202526,Local authority,England,Yorkshire and The Humber,Bradford,Total,93.1258155700612,3.80459179115737,3.06959263878142,
202526,Local authority,England,Yorkshire and The Humber,Calderdale,Total,94.3464649060253,3.76111677920925,1.89241831476545,
202526,Local authority,England,Yorkshire and The Humber,Kirklees,Total,94.2982033461929,3.86443891468354,1.83735773912355,
202526,Local authority,England,Yorkshire and The Humber,Leeds,Total,93.7450756765907,3.44657113316261,2.80835319024665,
202526,Local authority,England,Yorkshire and The Humber,Wakefield,Total,93.6115212765142,3.92342013228047,2.46505859120532,
202526,Local authority,England,East Midlands,Derby,Total,93.7088450518608,4.02554474255882,2.26561020558037,
202526,Local authority,England,East Midlands,Leicester,Total,94.1212578642735,3.83321988438367,2.04552225134279,
202526,Local authority,England,East Midlands,Rutland,Total,94.6240195418564,3.97272282542674,1.40325763271685,
202526,Local authority,England,East Midlands,Nottingham,Total,93.3236710711704,3.46017793440209,3.21615099442748,
202526,Local authority,England,East Midlands,North Northamptonshire,Total,93.6435883278606,4.26667243570268,2.08973923643673,
202526,Local authority,England,East Midlands,West Northamptonshire,Total,94.3532185707375,3.79398760895983,1.85279382030268,
202526,Local authority,England,East Midlands,Derbyshire,Total,94.3587743154657,3.87159205503207,1.7696336295022,
202526,Local authority,England,East Midlands,Leicestershire,Total,94.0905651483103,4.26963823826221,1.63979661342745,
202526,Local authority,England,East Midlands,Lincolnshire,Total,94.2461673395025,4.18201473709326,1.57181792340423,
202526,Local authority,England,East Midlands,Nottinghamshire,Total,94.0996435684657,3.72045780821762,2.17989862331664,
202526,Local authority,England,West Midlands,"Herefordshire, County of",Total,94.5160455266888,4.37690790832421,1.107046564987,
202526,Local authority,England,West Midlands,Telford and Wrekin,Total,94.4062681995528,3.71381641986005,1.87991538058718,
202526,Local authority,England,West Midlands,Stoke-on-Trent,Total,93.6379493974489,3.84932448864923,2.51272611390186,
202526,Local authority,England,West Midlands,Shropshire,Total,94.0664735323293,4.45895143836234,1.47457502930832,
202526,Local authority,England,West Midlands,Birmingham,Total,94.0521768883821,3.74864996169684,2.199173149921,
202526,Local authority,England,West Midlands,Coventry,Total,93.9167655808092,3.87248135285239,2.21075306633842,
202526,Local authority,England,West Midlands,Dudley,Total,93.9555519830008,3.84591726895279,2.19853074804636,
202526,Local authority,England,West Midlands,Sandwell,Total,94.0695842129335,3.56960034898382,2.36081543808264,
202526,Local authority,England,West Midlands,Solihull,Total,93.9577100694743,4.17717424401915,1.8651156865066,
202526,Local authority,England,West Midlands,Walsall,Total,93.7449504671326,3.45926890897556,2.79578062389181,
202526,Local authority,England,West Midlands,Wolverhampton,Total,94.2313694759856,3.35493010914181,2.41370041487255,
202526,Local authority,England,West Midlands,Staffordshire,Total,94.5626344300223,3.9739506649627,1.46341490501505,
202526,Local authority,England,West Midlands,Warwickshire,Total,93.9055402174736,4.38309424785168,1.71136553467467,
202526,Local authority,England,West Midlands,Worcestershire,Total,94.087926276254,4.37125202444619,1.54082169929978,
202526,Local authority,England,East of England,Peterborough,Total,94.3625246876294,3.88478088244277,1.75269442992785,
202526,Local authority,England,East of England,Luton,Total,94.8276162711042,3.48786326546372,1.68452046343203,
202526,Local authority,England,East of England,Southend-on-Sea,Total,94.0741772275135,4.13180873462703,1.79401403785946,
202526,Local authority,England,East of England,Thurrock,Total,94.5718172885541,3.33085586153032,2.0973268499156,
202526,Local authority,England,East of England,Bedford,Total,94.6935055456826,3.8228458179383,1.48364863637915,
202526,Local authority,England,East of England,Central Bedfordshire,Total,94.4251802247509,4.11803984969491,1.45677992555422,
202526,Local authority,England,East of England,Cambridgeshire,Total,94.3091390252239,4.34789524538084,1.34296572939524,
202526,Local authority,England,East of England,Essex,Total,94.0818543496161,3.91307502975464,2.00507062062929,
202526,Local authority,England,East of England,Hertfordshire,Total,94.5870282676603,4.07033605654695,1.34263567579277,
202526,Local authority,England,East of England,Norfolk,Total,93.967732812034,4.27931852795322,1.75294866001279,
202526,Local authority,England,East of England,Suffolk,Total,93.8284721876127,4.27369169729432,1.89783611509296,
202526,Local authority,England,London,City of London,Total,c,c,c,
202526,Local authority,England,London,Barking and Dagenham,Total,94.9501796112427,3.26929575593967,1.78052463281758,
202526,Local authority,England,London,Barnet,Total,95.2120813822941,3.42578103346137,1.36213758424449,
202526,Local authority,England,London,Bexley,Total,94.7897352989946,3.50613892280559,1.70412577819985,
202526,Local authority,England,London,Brent,Total,94.778290501492,3.48036321722752,1.7413462812805,
202526,Local authority,England,London,Bromley,Total,94.7647636443596,3.642716353386,1.59252000225445,
202526,Local authority,England,London,Camden,Total,93.5381186863371,4.50260795831183,1.95927335535109,
202526,Local authority,England,London,Croydon,Total,94.2941103883512,3.65607206444903,2.04981754719975,
202526,Local authority,England,London,Ealing,Total,94.865172007602,3.41949285683636,1.71533513556162,
202526,Local authority,England,London,Enfield,Total,94.7121733735098,3.33400959126298,1.95381703522724,
202526,Local authority,England,London,Greenwich,Total,94.2492790476113,3.38947086522415,2.36125008716454,
202526,Local authority,England,London,Hackney,Total,94.4014863714198,3.47293699881165,2.1255766297686,
202526,Local authority,England,London,Hammersmith and Fulham,Total,94.9509227327103,3.41223402924114,1.63684323804852,
202526,Local authority,England,London,Haringey,Total,94.4633946556141,3.50077793359757,2.03582741078834,
202526,Local authority,England,London,Harrow,Total,94.9271464091479,3.81503144789658,1.25782214295555,
202526,Local authority,England,London,Havering,Total,94.9488229128132,3.64307278892739,1.40810429825944,
202526,Local authority,England,London,Hillingdon,Total,93.7736022219882,4.14840621860744,2.07799155940432,
202526,Local authority,England,London,Hounslow,Total,94.4950805029691,3.66220086290985,1.84271863412108,
202526,Local authority,England,London,Islington,Total,93.8284717315019,3.25156202910521,2.91996623939293,
202526,Local authority,England,London,Kensington and Chelsea,Total,94.1289979944715,3.69083082701923,2.18017117850921,
202526,Local authority,England,London,Kingston upon Thames,Total,95.4981778144457,3.14067331833641,1.36114886721787,
202526,Local authority,England,London,Lambeth,Total,94.3777438878089,3.41871888895001,2.20353722324113,
202526,Local authority,England,London,Lewisham,Total,94.808587444156,3.21208953554875,1.9793230202952,
202526,Local authority,England,London,Merton,Total,95.3079174840185,3.23360950859564,1.45847300738583,
202526,Local authority,England,London,Newham,Total,93.8550529870407,3.10081840338754,3.04412860957179,
202526,Local authority,England,London,Redbridge,Total,94.5327420376663,3.7706782073539,1.6965797549798,
202526,Local authority,England,London,Richmond upon Thames,Total,95.6156709888951,2.9858562027127,1.39847280839224,
202526,Local authority,England,London,Southwark,Total,94.8310123680389,3.31967530198338,1.84931232997776,
202526,Local authority,England,London,Sutton,Total,95.0917746443121,3.55286997768049,1.35535537800744,
202526,Local authority,England,London,Tower Hamlets,Total,94.8101846828421,3.64580519476392,1.54401012239398,
202526,Local authority,England,London,Waltham Forest,Total,94.3868764639843,3.32259456125518,2.29052897476056,
202526,Local authority,England,London,Wandsworth,Total,94.8224731789215,3.35187863010687,1.82564819097167,
202526,Local authority,England,London,Westminster,Total,94.5277851950153,3.44085093226311,2.03136387272154,
202526,Local authority,England,South East,Medway,Total,93.7509188633999,4.22375432498624,2.02532681161387,
202526,Local authority,England,South East,Bracknell Forest,Total,94.816147227685,3.89898611254869,1.2848666597663,
202526,Local authority,England,South East,West Berkshire,Total,94.124333205789,4.46386369263319,1.4118031015778,
202526,Local authority,England,South East,Reading,Total,94.1976445749149,3.7825337985502,2.01982162653491,
202526,Local authority,England,South East,Slough,Total,94.0008219205769,4.3235604880771,1.67561759134603,
202526,Local authority,England,South East,Windsor and Maidenhead,Total,94.4503087889695,4.05680780131323,1.49288340971729,
202526,Local authority,England,South East,Wokingham,Total,95.1519390468616,3.69530768293101,1.15275327020735,
202526,Local authority,England,South East,Milton Keynes,Total,94.4931227609048,3.93277170739845,1.57410553169674,
202526,Local authority,England,South East,Brighton and Hove,Total,93.5168990810139,4.66831522353207,1.81478569545403,
202526,Local authority,England,South East,Portsmouth,Total,93.2985204007161,4.35008742951275,2.35139216977113,
202526,Local authority,England,South East,Southampton,Total,93.2767652470124,4.12884673678994,2.59438801619766,
202526,Local authority,England,South East,Isle of Wight,Total,92.7408570013025,5.41359395934403,1.84554903935342,
202526,Local authority,England,South East,Buckinghamshire,Total,94.5082266606897,4.22155949594063,1.27021384336969,
202526,Local authority,England,South East,East Sussex,Total,93.4881421199622,4.34420760089566,2.16765027914216,
202526,Local authority,England,South East,Hampshire,Total,94.4475439152606,4.19373289707943,1.35872318766001,
202526,Local authority,England,South East,Kent,Total,93.9423229845933,4.10876565806644,1.94891135734027,
202526,Local authority,England,South East,Oxfordshire,Total,94.0029559802949,4.31212454929862,1.68491947040648,
202526,Local authority,England,South East,Surrey,Total,94.9642846338134,3.77357073943517,1.2621446267514,
202526,Local authority,England,South East,West Sussex,Total,94.3577999435484,4.1239434814337,1.51825657501791,
202526,Local authority,England,South West,Bath and North East Somerset,Total,94.1229154268836,4.36994971142154,1.50713486169483,
202526,Local authority,England,South West,"Bristol, City of",Total,93.1699645664082,4.4765779007761,2.35345753281566,
202526,Local authority,England,South West,North Somerset,Total,93.9862698471471,4.32870084668362,1.68502930616924,
202526,Local authority,England,South West,South Gloucestershire,Total,94.1300791691126,4.08926294483046,1.78065788605693,
202526,Local authority,England,South West,Plymouth,Total,93.3859447393305,4.47610328480099,2.13795197586848,
202526,Local authority,England,South West,Torbay,Total,93.5474533826048,4.65156710648482,1.80097951091038,
202526,Local authority,England,South West,Swindon,Total,94.2909403620077,3.96996257128576,1.73909706670655,
202526,Local authority,England,South West,Cornwall,Total,93.7706566272403,4.37866129630182,1.85068207645791,
202526,Local authority,England,South West,Isles of Scilly,Total,c,c,c,
202526,Local authority,England,South West,Wiltshire,Total,94.1233688150486,4.20839423858217,1.66823694636928,
202526,Local authority,England,South West,"Bournemouth, Christchurch and Poole",Total,94.4883921039028,3.96165445565728,1.54995344043997,
202526,Local authority,England,South West,Dorset,Total,93.6247438922321,4.46553480603979,1.90972130172809,
202526,Local authority,England,South West,Somerset,Total,93.4806188875565,4.60536474229257,1.91401637015089,
202526,Local authority,England,South West,Devon,Total,93.6061661209242,4.56786771929972,1.82596615977606,
202526,Local authority,England,South West,Gloucestershire,Total,94.2428120870804,4.4155242375643,1.34166367535532,
202526,National,England,,,Total,94.0999019470863,3.91791196073705,1.98218609217662,
202526,Regional,England,North East,,Total,93.644785821214,3.7617619856616,2.59345219312444,
202526,Regional,England,North West,,Total,93.9052064323183,3.86168596186475,2.23310760581696,
202526,Regional,England,Yorkshire and The Humber,,Total,93.7184332824243,3.72128333711066,2.56028338046508,
202526,Regional,England,East Midlands,,Total,94.0788273355767,3.95313816214683,1.96803450227645,
202526,Regional,England,West Midlands,,Total,94.0916101831783,3.92407343357416,1.98431638324751,
202526,Regional,England,East of England,,Total,94.2606040126085,4.05016296964798,1.68923301774349,
202526,Regional,England,London,,Total,94.64157649401,3.49167175827341,1.86675174771661,
202526,Regional,England,South East,,Total,94.2176882234799,4.13989277737642,1.64241899914367,
202526,Regional,England,South West,,Total,93.8410220772474,4.37375560480843,1.78522231794418,
